ingredient,allergen_id,allergen
single cream,1,milk
pasteurised whole milk,1,milk
creamy honey,1,milk
hard cheese,1,milk
semi-skimmed milk powder,1,milk
skimmed milk powder,1,milk
pure cocoa butter chocolate,1,milk
romano cheese,1,milk
milk and hazelnut coating,1,milk
ghee,1,milk
full fat soft cheese,1,milk
cow's milk,1,milk
soft cheese made from pasteurized milk,1,milk
whey product,1,milk
reconstituted butter,1,milk
whole milk chocolate,1,milk
fresh butter,1,milk
cream from normandy,1,milk
creaming powder,1,milk
sheeps milk,1,milk
cow cheese,1,milk
salted butter,1,milk
cheese powder,1,milk
cocoa powder with reduced cocoa butter content,1,milk
cocoa butter,1,milk
crottin de chavignol cheese,1,milk
whole goat milk,1,milk
cured cheese,1,milk
dill butter,1,milk
milk chocolate chips,1,milk
melted grated cheese,1,milk
second age baby milk powder,1,milk
soy milk,1,milk
flavored cake with cheese paste,1,milk
82% fat unsalted easy-to-spread butter,1,milk
skimmed sweet whey,1,milk
butter natural flavouring,1,milk
strawberry flavoured cream,1,milk
creaming agent,1,milk
lactose and milk proteins,1,milk
sheep's whey,1,milk
lancashire cheese,1,milk
medium fat hard cheese,1,milk
fresh cream cheese,1,milk
natural milk flavouring,1,milk
milkcap,1,milk
cream,1,milk
skimmed goat milk,1,milk
whole milk yogurt,1,milk
buttermilk powder,1,milk
whipping cream,1,milk
cream with 22% milk fat,1,milk
milk spread with hazelnuts,1,milk
sterilized cream,1,milk
concentrated whey,1,milk
partially demineralized powdered whey,1,milk
muenster cheese,1,milk
casein,1,milk
condensed milk,1,milk
skim milk powder,1,milk
colby cheese,1,milk
rice milk,1,milk
cheese,1,milk
sterilized uht cream,1,milk
pasteurised buffalo milk,1,milk
goat's milk yogurt,1,milk
butternut squash,1,milk
refrigerated 30% fat thick cream,1,milk
coconut milk,1,milk
chaource cheese,1,milk
coffee cream,1,milk
82% fat unsalted butter,1,milk
cotija cheese,1,milk
whey permeate powder,1,milk
solid yogurt made from pasteurized milk with 3.2% milk fat,1,milk
skimmed milk yogurt powder,1,milk
milk flavouring,1,milk
cheese rind,1,milk
cream with 10% milk fat,1,milk
blue cheese,1,milk
milk protein isolate,1,milk
lactose,1,milk
condensed whole milk,1,milk
clarified butter,1,milk
melted powdered cheese,1,milk
crottin cheese,1,milk
sweet whey powder,1,milk
sodium caseinate,1,milk
maasdam-type firm cheese with around 27% fat,1,milk
cream sauce,1,milk
rice cream,1,milk
lightly salted butter,1,milk
churned butter,1,milk
pasteurized semi-skimmed milk,1,milk
semi-hard cheeses,1,milk
natural cheese flavouring,1,milk
cocoa mass and cocoa butter,1,milk
uht sterilised skimmed milk,1,milk
light cream,1,milk
sweetened condensed whole milk,1,milk
follow-on milk,1,milk
pasteurized butter,1,milk
saffron milk cap,1,milk
melted emmental cheese,1,milk
low fat cheese,1,milk
milk coating,1,milk
organic cocoa mass and organic cocoa butter,1,milk
vanilla ice cream,1,milk
whey permeate,1,milk
skimmed sheeps milk,1,milk
shea butter,1,milk
whey,1,milk
whole milk,1,milk
organic milk proteins,1,milk
bloody milk cap,1,milk
milk chocolate,1,milk
reconstituted whey permeate,1,milk
skimmed milk,1,milk
milk spread with coconut flavor,1,milk
ice cream,1,milk
crunchy peanut butter,1,milk
cream cheese,1,milk
grated emmental cheese,1,milk
pure cocoa butter,1,milk
unsalted churned butter,1,milk
sweet potato puree cooked with cream,1,milk
chocolate ice cream,1,milk
raw cream,1,milk
tigernut milk,1,milk
oat milk,1,milk
mixture of melted cheeses and powdered cheeses,1,milk
whole sheep milk,1,milk
coconut cream,1,milk
milk spread,1,milk
80% fat salted butter,1,milk
soft cheese,1,milk
feta cheese from ewe's milk,1,milk
cheese sauce,1,milk
hydrolysed milk protein,1,milk
yogurt from pasteurized milk with 3 5 milk fat,1,milk
sheep and goat milk,1,milk
sweet whey,1,milk
organic pasteurized butter,1,milk
sour cream,1,milk
pasteurized milk and cream,1,milk
whole milk powder,1,milk
demineralised whey,1,milk
cantal cheese half matured from cow's milk,1,milk
unsalted butter,1,milk
sweet cream butter,1,milk
cream filling,1,milk
whole cream,1,milk
coconut milk drink,1,milk
evaporated milk,1,milk
acid whey,1,milk
västerbotten cheese,1,milk
cream flavouring,1,milk
buffalo milk,1,milk
milkfat,1,milk
goat butter,1,milk
cream with 36% milk fat,1,milk
semi-hard and hard cheeses,1,milk
milk mineral concentrate,1,milk
medium fat soft cheese,1,milk
cheese made from pasteurized milk,1,milk
buffalo milk cream,1,milk
irish butter mildly acidified,1,milk
sheeps or goat milk,1,milk
laguiole cheese from cow's milk,1,milk
butter flavouring,1,milk
sour cream & chive flavour seasoning,1,milk
pasteurized skimmed milk,1,milk
swiss cheese,1,milk
milk fat without lactose,1,milk
soured milk,1,milk
milk minerals,1,milk
lactose-containing galacto-oligosaccharides,1,milk
milk protein concentrate,1,milk
melted cheese,1,milk
sweetened condensed milk,1,milk
salted butter caramel sauce,1,milk
caseinate,1,milk
charentes butter pdo,1,milk
milk proteins,1,milk
first age baby milk powder,1,milk
coconut butter,1,milk
milk powder,1,milk
fermented milk products,1,milk
british cream,1,milk
filtered whey powder,1,milk
salted butter caramel,1,milk
sainte maure cheese,1,milk
semi-skimmed milk,1,milk
whole milk mozzarella,1,milk
whipped cream,1,milk
pasteurized whipping cream,1,milk
butterfat,1,milk
uht cream,1,milk
yogurt from pasteurized milk with milk fat,1,milk
sheep's-milk cheese,1,milk
uht pasteurised whole milk,1,milk
asiago medium cheese,1,milk
milk from france,1,milk
liquid 30% fat uht cream,1,milk
milk,1,milk
chocolate cream,1,milk
low moisture whole milk mozzarella,1,milk
butter,1,milk
cream powder,1,milk
skimmed milk soft cheese,1,milk
cow's cheese with chives,1,milk
camembert from pasteurised milk,1,milk
whole milk yogurt powder,1,milk
lactose-free cream,1,milk
buttermilk,1,milk
soft white cheese,1,milk
goat milk,1,milk
sweetened condensed semi-skimmed milk,1,milk
calcium caseinate,1,milk
goat cheese,1,milk
cream with 12% milk fat,1,milk
milk substitute,1,milk
buttermilk solids,1,milk
double cream,1,milk
natural goat cheese flavouring,1,milk
pasteurized milk yogurt,1,milk
milk fat substitute,1,milk
clarified cow's butter,1,milk
milk enriched with cream,1,milk
fresh cream,1,milk
reduced fat maasdam-type firm cheese with around 14% fat,1,milk
milk filling,1,milk
haymilk,1,milk
cream with 33% milk fat,1,milk
sweetened condensed skimmed milk,1,milk
cream with 20% milk fat,1,milk
milk chocolate coating,1,milk
cottage cheese,1,milk
plain goat's milk yogurt with around 5% fat,1,milk
raw cacao butter,1,milk
condensed whey,1,milk
cheese flavouring,1,milk
whey protein isolate,1,milk
cream with 25% milk fat,1,milk
skim milk and pasteurized cream,1,milk
semi-skimmed pasteurized goat milk uht,1,milk
cream with 18% milk fat,1,milk
cocoa butter substitute,1,milk
lightly salted 80% fat butter,1,milk
lactose-free quark,1,milk
belgian milk chocolate,1,milk
blue cheese from cow's milk,1,milk
milk preparation,1,milk
semi-skimmed goat milk,1,milk
milk chocolate with sweetener,1,milk
mixed cheese,1,milk
concentrated whey protein,1,milk
american cheese,1,milk
whole goat milk uht,1,milk
pasteurised goat milk,1,milk
butter biscuit,1,milk
grana padano pdo cheese,1,milk
skimmed soft white cheese,1,milk
whey protein,1,milk
whey powder,1,milk
liquid egg white,2,egg
egg,2,egg
free range egg white,2,egg
liquid egg yolk,2,egg
poached egg,2,egg
chicken egg yolk powder,2,egg
raw duck egg,2,egg
fresh egg,2,egg
barn eggs,2,egg
egg flavour,2,egg
chicken egg yolk,2,egg
free range pasteurised egg,2,egg
whole liquid pasteurised egg,2,egg
organic free range chicken eggs,2,egg
quail eggs,2,egg
egg protein,2,egg
pasteurised egg yolk,2,egg
rehydrated egg white,2,egg
chicken egg white,2,egg
egg yolk,2,egg
large eggs,2,egg
parmigiano reggiano,2,egg
chick egg white or protein,2,egg
chicken egg,2,egg
free range chicken egg yolk,2,egg
egg yolk powder,2,egg
egg pasta,2,egg
pasteurised egg white powder,2,egg
free range egg yolk,2,egg
pasteurized fresh egg,2,egg
whole powdered chicken egg,2,egg
hard-boiled egg,2,egg
concentrated whole egg,2,egg
lysozyme from eggs,2,egg
whole egg,2,egg
liquid whole free range egg,2,egg
lumpfish egg,2,egg
fresh egg pasta,2,egg
category a eggs,2,egg
cooked egg yolk,2,egg
egg white,2,egg
duck egg,2,egg
liquid egg,2,egg
taleggio,2,egg
pasteurised free range egg yolk,2,egg
tuna egg,2,egg
whole powdered egg,2,egg
free range eggs,2,egg
eggs from caged hens,2,egg
organic chicken egg,2,egg
fresh category a eggs,2,egg
egg derivatives,2,egg
free range chicken eggs,2,egg
cooked egg white,2,egg
liquid whole egg,2,egg
egg powder,2,egg
whole fresh eggs,2,egg
eggs from switzerland,2,egg
sugared egg yolk,2,egg
eggs yolk powder from free range hens,2,egg
boiled egg,2,egg
soft-boiled egg,2,egg
powdered egg white,2,egg
peanut,3,peanut
organic roasted peanuts,3,peanut
honey roasted peanuts,3,peanut
shelled peanuts,3,peanut
peanut flour,3,peanut
peanut paste,3,peanut
milled roasted peanuts,3,peanut
roasted peanuts,3,peanut
natural peanut flavouring,3,peanut
peanut oil or hazelnut oil,3,peanut
groundnut oil,3,peanut
peanut oil,3,peanut
peanut with shell,3,peanut
prepacked almond paste,4,tree nut
pistachio nuts in shells,4,tree nut
dry-grilled and unsalted cashew nut,4,tree nut
cashew nut oil,4,tree nut
roasted nibbed hazelnuts,4,tree nut
almonds pieces,4,tree nut
almond pistachio preparation,4,tree nut
almond without skin,4,tree nut
virgin hazelnut oil,4,tree nut
ground piedmont hazelnut,4,tree nut
roasted almonds,4,tree nut
hazelnut and cocoa spread,4,tree nut
raw cashews,4,tree nut
hazelnut praline,4,tree nut
almond paste,4,tree nut
marcona almond,4,tree nut
almond protein,4,tree nut
toasted hazelnuts,4,tree nut
piedmont hazelnut paste,4,tree nut
hazelnut kernels,4,tree nut
almond with skin,4,tree nut
natural bitter almond flavouring,4,tree nut
bitter almond extract,4,tree nut
hazelnut kernel,4,tree nut
fresh walnut,4,tree nut
roasted pistachio nuts in shell,4,tree nut
blanches almonds,4,tree nut
raw blanched almonds,4,tree nut
pistachio filling,4,tree nut
almond flour,4,tree nut
sweet almond,4,tree nut
pistachio paste,4,tree nut
bitter almond,4,tree nut
grilled pistachio nut,4,tree nut
chocolate and hazelnut coating,4,tree nut
whole walnuts,4,tree nut
flaked almonds,4,tree nut
whole almonds,4,tree nut
hazelnut spread,4,tree nut
powdered almonds,4,tree nut
natural almond flavouring,4,tree nut
walnut oil,4,tree nut
shelled pistachios,4,tree nut
nonpareil almonds,4,tree nut
hazelnut paste with pieces of biscuits,4,tree nut
grilled and salted cashew nut,4,tree nut
hazelnut coating,4,tree nut
chopped hazelnuts,4,tree nut
ground almonds,4,tree nut
dried walnuts,4,tree nut
walnut kernel,4,tree nut
grilled and unsalted cashew nut,4,tree nut
ground hazelnuts,4,tree nut
piedmont hazelnut,4,tree nut
almond pulp,4,tree nut
cashew nuts,4,tree nut
hazelnut oil,4,tree nut
pistachio nuts,4,tree nut
hazelnut,4,tree nut
hazelnut filling,4,tree nut
pistachio seed oil,4,tree nut
hazelnut paste,4,tree nut
cashew nut paste,4,tree nut
nibbed and ground hazelnuts,4,tree nut
organic almond flour,4,tree nut
almond oil,4,tree nut
raw almonds,4,tree nut
cashew apples,4,tree nut
walnuts from grenoble,4,tree nut
pistachio flavor paste,4,tree nut
natto,5,soy
doubanjiang,5,soy
hydrolyzed soy protein,5,soy
soybean,5,soy
soya flower,5,soy
soy lecithin,5,soy
soybeans,5,soy
soybean oil,5,soy
miso paste,5,soy
soybean paste,5,soy
restructured soya flour,5,soy
miso,5,soy
hydrolysed soy protein,5,soy
soya bean fiber,5,soy
textured soy protein,5,soy
sprouted soybeans,5,soy
soya and sunflower lecithin,5,soy
soy protein product,5,soy
green soy bean,5,soy
light soy sauce,5,soy
whole soybean grain,5,soy
soy bran,5,soy
soy base,5,soy
soya flour restructured and rehydrated,5,soy
rehydrated soy fiber,5,soy
gmo-free hulled soya bean,5,soy
proteic extruded soy,5,soy
soy preparation,5,soy
tofu,5,soy
soy protein isolate,5,soy
soya flour,5,soy
soy fiber,5,soy
dehydrated soy protein,5,soy
partially hydrogenated soybean oil,5,soy
refined soya oil,5,soy
non-gmo soybean oil,5,soy
gmo-free soy lecithin,5,soy
soya,5,soy
edamame,5,soy
soy and sesame sauce,5,soy
soyabean,5,soy
red miso paste,5,soy
sweet soy sauce,5,soy
soya bean paste,5,soy
rehydrated soy protein,5,soy
black soy bean,5,soy
dark soy sauce,5,soy
soy protein,5,soy
soya oil,5,soy
soya lecithin,5,soy
soya bean,5,soy
hulled soya bean,5,soy
hydrogenated soy oil,5,soy
soy sauce,5,soy
spelt,6,wheat
durum wheat,6,wheat
wheat malt,6,wheat
durum wheat sourdough,6,wheat
wheat fiber,6,wheat
wheat flour type 550,6,wheat
spelt bran,6,wheat
wheat grain,6,wheat
gluten free wheat fiber,6,wheat
wheat flour preparation,6,wheat
spelt flour,6,wheat
wheat cakes,6,wheat
pasta made from wheat flour,6,wheat
gluten free oats,6,wheat
organic whole durum wheat semolina,6,wheat
pregelatinized wheat starch,6,wheat
whole wheat flakes,6,wheat
whole durum wheat semolina,6,wheat
caramelized malted wheat flour,6,wheat
durum wheat semolina pasta,6,wheat
dextrinated wheat flour,6,wheat
wheat or corn dextrose,6,wheat
wheat flour type 0,6,wheat
semolina blend,6,wheat
modified wheat starch,6,wheat
wheat crispbread,6,wheat
wheat and whole rye sourdough,6,wheat
wheat tortilla,6,wheat
sprouted wheat,6,wheat
whole spelt and wheat kernels,6,wheat
wheat protein isolate,6,wheat
rivet wheat,6,wheat
wheat syrup,6,wheat
wheat semolina,6,wheat
hydrolyzed wheat protein,6,wheat
whole rye and durum wheat sourdough,6,wheat
whole wheat,6,wheat
whole durum wheat semolina pasta,6,wheat
durum wheat flour,6,wheat
whole grain spelt flakes,6,wheat
durum wheat semolina,6,wheat
wheat bulgur,6,wheat
wheat starch,6,wheat
barley gluten,6,wheat
inflated spelt,6,wheat
spelt flakes,6,wheat
wheat flakes,6,wheat
wheat protein,6,wheat
cooked wheat,6,wheat
cereals containing gluten,6,wheat
wheat breadcrumbs,6,wheat
whole wheat groats,6,wheat
whole spelt,6,wheat
durum whole wheat flour,6,wheat
textured wheat protein,6,wheat
semi-wholemeal wheat flour,6,wheat
gluten free oat fibre,6,wheat
wheat flour type 1,6,wheat
wheat glucose syrup,6,wheat
fortified wheat flour,6,wheat
whole wheat kernels,6,wheat
wheat sourdough,6,wheat
einkorn wheat,6,wheat
whole spelt kernels,6,wheat
semolina flour,6,wheat
wheat groats,6,wheat
wheat germ,6,wheat
malted wheat flakes,6,wheat
gluten,6,wheat
finely ground durum wheat,6,wheat
fortified british wheat flour,6,wheat
wheat flour type 150,6,wheat
british wholegrain wheat,6,wheat
fermented wheat starch,6,wheat
khorasan wheat,6,wheat
wheat flour type 55,6,wheat
spelt groats,6,wheat
wheat glucose-fructose syrup,6,wheat
wheat flour type 110,6,wheat
durum wheat kernels,6,wheat
rice semolina,6,wheat
wheat flour type 850 semi-white,6,wheat
barley and wheat malt,6,wheat
rehydrated nuckwheat,6,wheat
wheat stalk fiber,6,wheat
whole grain durum wheat,6,wheat
soft wheat flour,6,wheat
wheat flour type 65,6,wheat
puffed wheat,6,wheat
pre-gelatinized wheat flour,6,wheat
sprouted spelt,6,wheat
wheat flour,6,wheat
wheat flour type 500,6,wheat
dark durum wheat flour,6,wheat
wholegrain maize semolina,6,wheat
wheat gluten,6,wheat
dried wheat sourdough,6,wheat
dextrinated spelt flour,6,wheat
superior quality durum wheat semolina,6,wheat
wheat,6,wheat
refined wheat flour,6,wheat
rehydrated wheat protein,6,wheat
wheat dextrose,6,wheat
wheat flour type 2,6,wheat
wheat maltodextrin,6,wheat
wholemeal spelt flour,6,wheat
malted wheat flour,6,wheat
partially modified wheat starch,6,wheat
rye and durum wheat sourdough,6,wheat
pre-cooked durum wheat,6,wheat
whole wheat flour,6,wheat
soft whole wheat flour,6,wheat
wheat flour type 00,6,wheat
wheat flour t-1050,6,wheat
whole wheat bulgur,6,wheat
durum wheat bulgur,6,wheat
soft wheat,6,wheat
gluten free oat flour,6,wheat
semi-whole durum wheat semolina,6,wheat
khorasan wheat flour,6,wheat
wheat bran,6,wheat
semolina,6,wheat
gluten-free oat flakes,6,wheat
dark wheat flour,6,wheat
smoked atlantic salmon,7,fish
anchovy paste,7,fish
raw tuna,7,fish
pacific cod,7,fish
precooked tuna,7,fish
canned tuna,7,fish
atlantic salmon fillets with skin,7,fish
atlantic cod,7,fish
cod roe,7,fish
picodon,7,fish
raw salmon,7,fish
raw farmed salmon,7,fish
yellowfin tuna,7,fish
marinated anchovy fillets,7,fish
salted dried cod,7,fish
salmon fillet,7,fish
cod,7,fish
bigeye tuna,7,fish
smoked cod roe,7,fish
anchovy filets,7,fish
sockeye salmon,7,fish
raw wild salmon,7,fish
tuna chunks,7,fish
lightly smoked cod roe,7,fish
anchovy,7,fish
tuna in brine,7,fish
chum salmon,7,fish
atlantic salmon,7,fish
scottish salmon,7,fish
smoked salmon trimmings,7,fish
pink salmon,7,fish
wild salmon,7,fish
tuna steak,7,fish
smoked salmon,31,fish
natural salmon flavouring,7,fish
tuna,7,fish
skipjack tuna,7,fish
cod liver,7,fish
european anchovy,7,fish
tuna in oil,7,fish
skipjack tuna fillet,7,fish
raw salmon trout,7,fish
microwaved farmed salmon,7,fish
edible crab,8,shellfish
shrimp paste,8,shellfish
lobster,8,shellfish
deep-sea shrimp,8,shellfish
european lobster,8,shellfish
scarlet shrimp,8,shellfish
spiny lobster,8,shellfish
shrimp flavouring,8,shellfish
crab extract,20,shellfish
rainbow shrimp,8,shellfish
lobster flavour,8,shellfish
shrimp powder,19,shellfish
tenkasu with shrimp,8,shellfish
pink shrimps,8,shellfish
raw peeled shrimp,8,shellfish
american lobster,8,shellfish
caribbean spiny lobster,8,shellfish
whiteleg shrimp,8,shellfish
grey shrimp,8,shellfish
cooked shrimp,8,shellfish
crab substitute,8,shellfish
mantis shrimp,8,shellfish
crab flavour,8,shellfish
norway lobster,8,shellfish
crayfish or shrimp,8,shellfish
husked and grilled sesame seed,9,sesame
sesame seeds,9,sesame
tahini,9,sesame
sesame paste,9,sesame
toasted sesame oil,9,sesame
white sesame seeds,9,sesame
organic sesame oil,9,sesame
sesame,9,sesame
sesame seed bun,9,sesame
virgin sesame oil,9,sesame
husked sesame seed,9,sesame
black sesame,9,sesame
refined sesame oil,9,sesame
sesame oil,9,sesame
white sesame,9,sesame
organic sesame seeds,9,sesame
buckwheat flakes,17,buckwheat
whole buckwheat flakes,17,buckwheat
puffed buckwheat,17,buckwheat
buckwheat grit,17,buckwheat
buckwheat,17,buckwheat
buckwheat honey,17,buckwheat
extruded buckwheat flour,17,buckwheat
whole grain buckwheat flour,17,buckwheat
buckwheat grain,17,buckwheat
wholemeal buckwheat,17,buckwheat
buckwheat groats,17,buckwheat
buckwheat noodles,17,buckwheat
buckwheat flour,17,buckwheat
soba,17,buckwheat
buckwheat husk,17,buckwheat
sprouted buckwheat,17,buckwheat
roasted buckwheat kasha,17,buckwheat
prawn,19,shrimp
dried shrimp,19,shrimp
shrimp extract,19,shrimp
shrimp,19,shrimp
crab meat,20,crab
crab,20,crab
crab powder,20,crab
abalone,21,abalone
almond butter,22,almond
almond powder,22,almond
almonds,22,almond
almond,22,almond
squid,23,squid
salmon roe,24,salmon roe
ikura,24,salmon roe
salted salmon roe,24,salmon roe
orange,25,orange
cashew nut,26,cashew nut
kiwi,27,kiwi
beef tallow,28,beef
beef powder,28,beef
beef fat,28,beef
beef,28,beef
beef extract,28,beef
walnut,29,walnut
walnuts,29,walnut
walnut pieces,29,walnut
salmon flakes,31,salmon
salmon extract,31,salmon
dried salmon,31,salmon
salmon,31,salmon
mackerel,32,mackerel
mackerel flakes,32,mackerel
mackerel extract,32,mackerel
mackerel powder,32,mackerel
chicken fat,34,chicken
chicken stock,34,chicken
chicken extract,34,chicken
chicken,34,chicken
chicken powder,34,chicken
banana,35,banana
pork,36,pork
lard,36,pork
pork lard,36,pork
pork fat,36,pork
pork extract,36,pork
pork powder,36,pork
peach,38,peach
yam,39,yam
apple puree,40,apple
apple juice,40,apple
apple vinegar,40,apple
apple,40,apple
beef gelatin,41,gelatin
pork gelatin,41,gelatin
gelatin,41,gelatin
macadamia nut,42,macadamia nut
macadamia nuts,42,macadamia nut
macadamia oil,42,macadamia nut
macadamia,42,macadamia nut
